K10_V010, 6639
K10_V010, 6432
K10_V010, 6452
K10_V010, 6422
K10_V010, 6462
K10_V010, 6412
K10_V010, 6472
K10_V010, 6402
K10_V010, 6482
K10_V010, 6392
K10_V010, 6492
K10_V010, 6382
K10_V010, 6502
K10_V010, 6372
K10_V010, 6512
K10_V010, 6362
K10_V010, 6522
K10_V010, 6352
K10_V010, 6532
K10_V010, 6342
K10_V010, 6542
K10_V010, 6332
K10_V010, 6552
K10_V010, 6322
K10_V010, 6562
K10_V010, 6312
K10_V010, 6572
K10_V010, 6302
K10_V010, 6582
K10_V010, 6292
K10_V010, 6592
K10_V010, 6282
K10_V010, 6602
K10_V010, 6272
K10_V010, 6612
K10_V010, 6262
K10_V010, 6622
K10_V010, 6252
K10_V010, 6632
K10_V010, 6242
K10_V010, 6642
K10_V010, 6232
K10_V010, 6652
K10_V010, 6222
K10_V010, 6662
K10_V010, 6212
K10_V010, 6672
K10_V010, 6202
K10_V010, 6682
K10_V010, 6192
K10_V010, 6692
K10_V010, 6182
K10_V010, 6702
K10_V010, 6172
K10_V010, 6712
K10_V010, 6162
K10_V010, 6722
K10_V010, 6152
K10_V010, 6732
K10_V010, 6142
K10_V010, 6742
K10_V010, 6132
K10_V010, 6752
K10_V010, 6122
K10_V010, 6762
K10_V010, 6112
K10_V010, 6772
K10_V010, 6102
K10_V010, 6782
K10_V010, 6092
K10_V010, 6792
K10_V010, 6082
K10_V010, 6802
K10_V010, 6072
K10_V010, 6812
K10_V010, 6062
K10_V010, 6822
K10_V010, 6052
K10_V010, 6832
K10_V010, 6042
K10_V010, 6842
K10_V010, 6032
K10_V010, 6852
K10_V010, 6022
K10_V010, 6862
K10_V010, 6012
K10_V010, 6872
K10_V010, 6002
K10_V010, 6882
K10_V010, 5992
K10_V010, 6892
K10_V010, 5982
K10_V010, 6902
K10_V010, 5972
K10_V010, 6912
K10_V010, 5962
K10_V010, 6922